{
    "tfidf": {
        "accuracy": 0.87784,
        "precision": 0.8754968993480681,
        "recall": 0.88096,
        "f1": 0.8782199537443177
    },
    "word2vec": {
        "accuracy": 0.7772,
        "precision": 0.7737831858407079,
        "recall": 0.78344,
        "f1": 0.7785816505008746
    }
}