{
    "tfidf": {
        "accuracy": 0.89616,
        "precision": 0.8919582080101314,
        "recall": 0.90152,
        "f1": 0.8967136150234741
    },
    "word2vec": {
        "accuracy": 0.84792,
        "precision": 0.8480313700384123,
        "recall": 0.84776,
        "f1": 0.847895663306129
    }
}